{"cameraMode":{"drawMode":2,"name":"Shaded Wireframe","section":"Shading Mode"},"sceneLighting":false,"audioPlay":false,"sceneViewState":{"showFog":false,"showMaterialUpdate":false,"showSkybox":false,"showFlares":false,"showImageEffects":false,"showParticleSystems":false},"in2DMode":false,"pivot":{"x":-0.40632879734039309,"y":-0.609045684337616,"z":-0.268296480178833},"rotation":{"x":0.0766228511929512,"y":0.912810742855072,"z":-0.20172834396362306,"w":0.34671497344970705},"size":2.8578836917877199,"orthographic":false}