{"cameraMode":{"drawMode":0,"name":"Shaded","section":"Shading Mode"},"sceneLighting":false,"audioPlay":false,"sceneViewState":{"showFog":false,"showMaterialUpdate":false,"showSkybox":false,"showFlares":false,"showImageEffects":false,"showParticleSystems":false},"in2DMode":false,"pivot":{"x":-0.5697393417358398,"y":-0.5166937112808228,"z":0.4165194034576416},"rotation":{"x":0.1782309114933014,"y":-0.0928344801068306,"z":0.016893064603209497,"w":0.9794540405273438},"size":2.840710163116455,"orthographic":false}