{"cameraMode":{"drawMode":0,"name":"Shaded","section":"Shading Mode"},"sceneLighting":true,"audioPlay":false,"sceneViewState":{"showFog":false,"showMaterialUpdate":false,"showSkybox":false,"showFlares":false,"showImageEffects":false,"showParticleSystems":false},"in2DMode":false,"pivot":{"x":20.896373748779298,"y":165.15310668945313,"z":-926.9677124023438},"rotation":{"x":-0.2709781229496002,"y":0.024828113615512849,"z":-0.006991931237280369,"w":-0.9622398614883423},"size":731.6961059570313,"orthographic":false}