{"cameraMode":{"drawMode":0,"name":"Shaded","section":"Shading Mode"},"sceneLighting":false,"audioPlay":false,"sceneViewState":{"showFog":false,"showMaterialUpdate":false,"showSkybox":false,"showFlares":false,"showImageEffects":false,"showParticleSystems":false},"in2DMode":false,"pivot":{"x":13.273215293884278,"y":3.2588775157928469,"z":40.55311965942383},"rotation":{"x":0.10693086683750153,"y":0.6231223940849304,"z":-0.08654078096151352,"w":0.7699318528175354},"size":25.570144653320314,"orthographic":false}