{"cameraMode":{"drawMode":2,"name":"Shaded Wireframe","section":"Shading Mode"},"sceneLighting":true,"audioPlay":false,"sceneViewState":{"showFog":true,"showMaterialUpdate":false,"showSkybox":true,"showFlares":true,"showImageEffects":true,"showParticleSystems":true},"in2DMode":false,"pivot":{"x":18.849857330322267,"y":9.6964693069458,"z":80.15925598144531},"rotation":{"x":-0.09619602560997009,"y":-0.8891180157661438,"z":0.21929070353507996,"w":-0.3900347352027893},"size":94.7699966430664,"orthographic":false}